created_at,full_text,favorite_count,view_count,reply_count,retweet_count
2023-03-14T07:43:08.000Z,"Capitalism under threat in the country that's considered the poster-child of capitalism?

Or are there exceptions to the notion of free markets?",0,71027.5409252669,0,0
2023-03-14T07:43:00.000Z,@SageThinker99 @ChakaalStarr @MikeMar86082350 Since India adopted capitalism their economy is booming and they've been bringing millions out of poverty. Where before their socialist government created the worst slum in the world.,0,71027.5409252669,0,0
2023-03-14T07:42:48.000Z,"Martin Luther King Jr.
‚ÄúWe all too often have socialism for the rich and rugged free market capitalism for the poor.""

This was true in his era.

Now we have communism for the rich, malign neglect for the 99%.",0,71027.5409252669,0,0
2023-03-14T07:42:42.000Z,@Gavin_F_Brewis Do people just invent new days these days? I thought hyper-capitalism had reached its peak?  How many days out of the year is that now?,0,2.0,0,0
2023-03-14T07:42:30.000Z,"@SereneNecrosis This is referred to as socialist realism and is inherently counter-revolutionary. There is no ""natural development"" of socialism from capitalism. Even Marx acknowledged that he was wrong about the inevitability of socialist revolution. We must be active writers of our history.",0,71027.5409252669,0,0
2023-03-14T07:42:27.000Z,@Kw1q51lv3r Its all the aggressive monetization. Capitalism just has made games not fun.,0,71027.5409252669,0,0
2023-03-14T07:42:15.000Z,"@mcmansionhell Currently rewatching Breaking Bad.

The series is a commentary on poverty, individualism, capitalism and the system creating a perfect breeding ground for drug abuse and extreme violence to thrive.

Not at any point in it are drug abuse and violence glorified.",0,71027.5409252669,0,0
2023-03-14T07:42:11.000Z,US capitalism has been breaking down for decades.,0,1.0,0,0
2023-03-14T07:42:06.000Z,"@VargasMilan1 @BrentHodgson Oh god, please don‚Äôt come here trying to sell me free market capitalism. That‚Äôs just gross.",1,3.0,0,0
2023-03-14T07:41:51.000Z,@MAlden59 @CalltoActivism You mean capitalism?,0,71027.5409252669,0,0
2023-03-14T07:41:18.000Z,@lukesanchez99 @FilmUpdates Girl she literally works the majority of the movie wtf are you on about. The entire movie was abt capitalism and found family and shit,0,1.0,0,0
2023-03-14T07:41:10.000Z,Is It Time To End Capitalism? https://t.co/W22XcdzHeS #renewableeconomics #democracy #evolution #capitalism #wealth #socialism #freedom,0,71027.5409252669,0,0
2023-03-14T07:40:59.000Z,@AlanKohler The joys of capitalism  #MoneyGoRound,0,1.0,0,0
2023-03-14T07:40:50.000Z,@dabravanel There‚Äôs also just zero focus on ‚Äúwhat is the problem we are trying to solve?‚Äù It‚Äôs like people are willfully trying to devalue human input. Signs you‚Äôre all the way into late stage capitalism.,1,4.0,0,0
2023-03-14T07:40:23.000Z,"@mrscorer @BreezerGalway Wait until he has the smarts to realise some of the voices behind GBD wanted previously to flatten the ageing population curve, use progressive eugenics &amp; banish elected govt to return to a feudal Anarcho-capitalism. The very things notso smarts thought they were standing against",1,3.0,0,0
2023-03-14T07:39:59.000Z,Capitalism is so great that every decade or so the banks have to be bailed out with billions and billions of dollars in order to keep capitalism alive.,0,3.0,0,0
2023-03-14T07:39:55.000Z,Drollinger: Capitalism vs. Communism - Only One Is Based on Scriptural Truth https://t.co/6PWXgSwZlX,0,1.0,0,0
2023-03-14T07:39:47.000Z,@POTUS BAILOUTS don't lie it's taxpayers in the form of bank customers paying for it. Just let capitalism work as intended and you will always have a more resilient economy. Bandaging every crisis is spreading contagion all over the place. Now the assumption is 100% depositor insurance https://t.co/xrmgpwsU3T,0,1.0,0,0
2023-03-14T07:39:33.000Z,"@jasondweinman @RishiJoeSanu @creation247 Also gdp means nothing, the gdp in most countries gets hoarded by the capitalist and ruling classes. No one benefits from capitalism where worldwide the figures look like this https://t.co/RsiLhGrkZI",0,2.0,0,0
2023-03-14T07:39:20.000Z,I am capitalism and the Arab Revolutions are dangerous because they disrupt the cultural flow of Hollywood-world.,0,1.0,0,0
2023-03-14T01:36:20.000Z,"BREAKING: Ken Griffin of Citadel has said because the Federal Reserve intervened in Silicon Valley Bank, ""US capitalism is ‚Äòbreaking down before our eyes,"" per FT.",8993,1324347.0,730,1419
2023-03-13T20:32:01.000Z,"The number of words in news stories and official accounts can reflect the writers‚Äô stereotypes and biases, according to research.",23,19963.0,0,1
2023-03-13T20:02:14.000Z,"#BREAKING: Senator Mark Kelly asked for CENSORSHIP of Social Media to prevent bank runs

Is this stopping free speech or is it necessary to save the market?",1820,189112.0,617,456
2023-03-06T19:53:09.000Z,The coolest items in the House Of Goodness @SXSW could become yours! Check below and RT your faves for a chance to take the goodness home with Avocados From Mexico. #SparkTheGood #SXSW #Sweepstakes,240,890099.0,23,181
2023-03-14T07:39:19.000Z,"@CdnComrade To be fair, now that I see the sample size, QC may not be as much of an outlier. Those aren't adequate sample sizes for the other provinces. (They'd still likely be better, but not by such wide margins)",0,71027.5409252669,0,0
2023-03-14T07:39:15.000Z,@55alidd Wack,1,3.0,1,0
2023-03-14T07:39:07.000Z,"@Sargon_of_Akkad Where the fuck do you think the term ""laissez-faire"" comes from? Capitalism can be regulated pretty fucking hard by the state and still be capitalism. As long as capital owns the means of production....",0,3.0,0,0
2023-03-14T07:39:07.000Z,"@KnowlandKnows It is as socialists we oppose the Jews because we see in them the incarnation of capitalism

‚Äì Joseph Goebbels",0,2.0,0,0
2023-03-14T07:39:04.000Z,"@SereneNecrosis So you're arguing that material conditions sprout from idealistic worldviews and not from observing material conditions and applying them to our ideals?

We must look at material conditions first. No, we don't have those rights under capitalism. We SHOULD have those rights.",0,1.0,0,0
2023-03-14T07:38:58.000Z,@Unmagical_Girl @JortsTheCat Capitalism works by compensating workers as little as possible and as it continues it refines that process to give them less.  But that eventually starts depleting the supply of workers faster than they can be replaced.,1,4.0,0,0
2023-03-14T07:38:50.000Z,"Il comunismo 3.0 √® ""capitalismo"" di stato, o stakeholder capitalism come piace dire a Schwab. 

Un sistema economico e sociale in cui il cittadino √® dipendente dello stato sia dal punto di vista economico (√® un fattore di produzione) che dal punto di vista sociale (√® il‚Ä¶",6,112.0,0,3
2023-03-14T07:38:11.000Z,"@thatdayin1992 In the Chinese mind in mainland China, all American are evil and capitalism is not good. Us will self destroy just like how the SVB bank failed. American should stop giving hope that China will be a friend of us",0,5.0,0,0
2023-03-14T07:38:04.000Z,"@whydoilikethis I don‚Äôt have to meet that standard any more than you have to explain how capitalism is going to just magically disappear even though Marxist theory hasn‚Äôt panned out in any of the countries that adopted it so far.

Can we agree we want a world with more wealth and less labor?",0,3.0,0,0
2023-03-14T07:37:41.000Z,"@Daniel_Falalala @NotABigJerk I believe POS dealers like Square have it on by default for their systems, mainly because more money going through them means more money they take a cut of. Unsurprisingly the ""wokism"" problem boiled down to capitalism all along",0,3.0,0,0
2023-03-14T07:37:35.000Z,@GreyHatter1 The intrinsic Right of Worker Control and Ownership over the Means Of Production is being ACTIVELY SUPPRESSED from its natural development by CAPITALISM which we must DEFEAT in order for the NATURAL LAWS OF COMMUNISM TO SUPERCEDE THE FALSE CAPITALIST STRUCTURE,0,1.0,1,0
2023-03-14T07:37:22.000Z,They wanted capitalism to give price signals for negative externalities the way their woke brain sees the world. They created ESG and forced it on EVERYONE all over the world. This was only a few years ago and it's already destroying the system in real-time.,0,13.0,0,0
2023-03-14T07:37:21.000Z,@chullie_hee Heechul oppa says no to capitalism. He uploaded his pictures that are used for his photocards ü§£,0,3.0,0,0
2023-03-14T07:37:15.000Z,"@Ianbins Yep, on purpose. Gov't and the Fed cause the problem, it fails, they blame capitalism, and the very people that caused the problem offer the solution. #corruptionfeedbackloop",0,4.0,0,0
2023-03-14T07:36:49.000Z,@CollinRugg Capitalists when capitalism happens: üò±üò±üò±üò±üò±,0,1.0,0,0
2023-03-14T07:36:46.000Z,"@NevesPhilip @ChakaalStarr @MikeMar86082350 I don't know if you're a real person but capitalism is subjugation to the rich and has to end, and you're saying it's the greatest thing and reduced poverty but it created poverty and it uses massive propaganda to cover it up and keep people mesmerized and you're doing its work.",0,2.0,1,0
2023-03-14T07:36:36.000Z,@GoldTelegraph_ KG's version of capitalism. Head's I win and tails You lose.  When you can create infinite  FTD's there is no longer a free market.,0,2.0,0,0
2023-03-14T07:36:32.000Z,"@Shoesha12 @treasure_mn7 Udakiwe wena, you think all blacks have the same mentality as you?? Eh baba some of us believe in a Free Market System, Capitalism. Produce and compete in the market, not a welfare state where people live on state handouts that just rubbish.",0,7.0,1,0
2023-03-14T07:36:30.000Z,"@whydoilikethis @PunishedHoly @bigblackjacobin @LevineJonathan @Slate Technology isn‚Äôt capitalism.

I said you could put the ownership in a DAO with global ownership. That‚Äôs not capitalism.",0,5.0,1,0
2023-03-14T07:36:28.000Z,@copy_warriorDGW @valeness84 @Gritty20202 capitalism is inherently tyrannical without the threat of violence from the state no one would ever accept someone sitting on a yacht deciding they own the means of production and get to tell you how to work and where the fruits of your labor go,0,1.0,0,0
2023-03-10T13:38:11.000Z,STOP wasting THOUSANDS of dollars ü§ë with Hubspot and put your marketing on autopilot with Topline¬Æ. Say goodbye to over a dozen marketing tools and hello to one easy-to-use platform. üöÄ,10,43909.0,0,0
2023-03-06T12:29:00.000Z,"This app uncovers üïµüèª‚Äç‚ôÄÔ∏èall sleeping agents on your Mac: adware scripts, cryptocurrency miners, keyloggers. etc. ‚≠êÔ∏èDownload the free version",20,61627.0,6,0
2023-03-14T07:36:24.000Z,"Four foundations of Capitalism 

Freedom to Buy
Freedom to Try
Freedom to Sell and

Freedom to Fail 

Most capitalists want the first three, most don‚Äôt want the fourth.",0,1.0,0,0
2023-03-14T07:36:08.000Z,"üíµ is religion and ideology, how do you dare attack the holy united states of capitalism",1,11.0,1,0
2023-03-14T07:35:56.000Z,"@puckedstats @OrangeLeafWave üòÇ lol I meant the riding. I was wondering if it was above the GTA, in the GTA or in southwestern Ontario",0,2.0,0,0
2023-03-14T07:35:34.000Z,"What the fuck can‚Äôt I get a turbo pilk delivered.  What kind of late stage capitalism do we live in.

I‚Äôm too idol to make it myself 

But Christ it desperately need one 

üò≠üò≠üò≠üò≠üò≠üò≠üò≠üò≠üò≠üò≠üò≠üò≠üò≠üò≠üò≠üò≠üò≠üò≠üò≠",0,12.0,0,0
2023-03-14T07:35:30.000Z,"@worldofbastards @SkyNewsAust @AlboMP You need to research the Great Reset, that Australia is signed up to. ""Stakeholder Capitalism"", which is a transfer of our wealth to the corporations. We've been following those orders since the 1990s and destroying manufacturing since the 1970s under a UN agreement we signed.",0,5.0,0,0
2023-03-14T07:35:21.000Z,"‚ÄúWhat I have learned about corporate capitalism, roughly, is that it is an act of theft, by and large, through which a very few live very high off the work, invention, and creativity of very many others.‚Äù",0,15.0,1,0
2023-03-14T07:35:20.000Z,"I explain that here. And this, folks, is why giving them a taxpayer funded bailout, as the @POTUS did, is a breakdown of capitalism right before our very eyes, as CITADEL CEO Ken Griffen rightly said. https://t.co/Cxo480dKfo",5,574.0,2,0
2023-03-14T07:35:03.000Z,"Degen zoo comprises a deflationary token and an nft collection featuring 120 endangered species it‚Äôs designed to simulate the impact of capitalism on animal extinction. More than 115,000 wallets have registered to join the game with pledges",0,3.0,0,0
2023-03-14T07:34:53.000Z,Biden is turning United States into Marxism from Capitalism!This is really bad for citizens!,0,6.0,0,0
2023-03-14T07:34:47.000Z,"HSBC paid ¬£1 for the SVB's UK arm.

Socialism for the rich &amp; capitalism for the poor.

The rich can buy banks for ¬£1, that's socialism. If normal people bought Silicon Valley Bank UK for ¬£1 we'll call it robbing a bank.

Also we give more tax cut for banks! #BBCBreakfast #r4today https://t.co/OPI2L1Nt62",1,155.0,0,0
2023-03-14T07:34:40.000Z,"@OrangeLeafWave It depends on your strategy. I'd go for Regina to try and combat western alienation and get some momentum in SK, since Halifax can plausibly be won by without needing the leader's bump. Helps in the long run. Oshawa usually comes close so it's winnable w a good candidate/campaign",0,1.0,0,0
2023-03-14T07:34:36.000Z,How did this happen? Capitalism needs to go...,0,11.0,0,0
2023-03-14T07:34:28.000Z,@LegalLatino2022 @PPhudphucker @EllisLover @DanielDiMartino Been in class slavery all my life in capitalism but go off,0,4.0,0,0
2023-03-14T07:34:22.000Z,"@GreyHatter1 Do you recognize that we all have a right to have our basic needs met without having our basic needs met under capitalism right now?
Do you understand that we all have a right to food and housing even though you have to pay rent and buy food under capitalism?",0,4.0,2,0
2023-03-14T07:34:10.000Z,@Mondlivuyo @SizweLo 2/2 i believe that Capitalism is the only way to effectively create and innovate resources. Socialism is more worried about equal distribution of resources. But one must take precedent over the other. You can't share resources that don't exist. Does that make sense?,0,7.0,0,0
2023-03-14T07:34:09.000Z,Rules of Capitalism is written by the _ _ _ _  for the  _ _ _ _ .,0,3.0,0,0
2023-03-14T07:34:09.000Z,@m28o_wael a slave to capitalism,1,22.0,2,0
2023-03-14T07:34:06.000Z,"@JoshuaM00183510 @PunishedHoly @bigblackjacobin @LevineJonathan @Slate Way back at the Keynes quote, you started on about what was something close to the goal of socialism but with the mode of capitalism which just isn't going to happen.",0,10.0,1,0
2023-03-14T07:33:58.000Z,@adelafiouni @tamuke06 One would say a depositor who is earning +10% interest is considered as an investor and thus shall not be payed because he took a risk and that's how capitalism works,1,10.0,0,0
2023-03-14T07:33:49.000Z,@AJEnglish China is waiting for this opportunity to take over the second place after stabbing the Russians in the back because of Putin‚Äôs greed capitalism.,0,7.0,0,0
2023-03-14T07:19:07.000Z,"‚Äúthe project would generate enough oil to release 9.2 million metric tons of planet-warming carbon pollution a year ‚Äì equivalent to adding 2 million gas-powered cars to the roads‚Äù

Fossil fuel expansion must stop!

#ClimateEmergency

https://t.co/M8rmaPmXIZ",29,1069.0,2,10
2023-03-14T06:30:05.000Z,"Time for infrastructure porn ‚Äî some metro stations in China. üòÇ

How about you USA? Any money left after endless wars and bank bailouts? https://t.co/qWbKbuMduw",283,9116.0,14,54
2023-03-13T18:58:49.000Z,@tammyischatty @CNBCTheExchange @FreightWaves It was required as part of our credit agreement...,25,8005.0,4,3
2023-03-11T03:41:16.000Z,Here's how you can use ChatGPT's technology to write 100s of HYPER personalized cold emails in seconds...,3,33547.0,1,0
2022-11-02T08:57:49.000Z,Surf the web faster and safety with new BRAVE browser,321,71027.5409252669,916,301
2023-03-14T07:33:46.000Z,Capitalism is such an awful system that you don't even get makeshift rafts to escape it but you get flights to any destination on the planet. What an absolute menace.,2,28.0,0,0
2023-03-14T07:33:38.000Z,"@GoldTelegraph_ Crony Capitalism, is breaking down. Nuance matters.",0,3.0,0,0
2023-03-14T07:33:05.000Z,"The madness of capitalism where millions of lives are affected by a few bankers excessive greed
""London shares deep in the red at lunchtime as Silicon Valley Bank collapse continues to rock stocks"" https://t.co/ny1o4WRPUA",0,48.0,0,0
2023-03-14T07:33:01.000Z,"@ConceptualJames @ppeketsi Liberalismin turvaaminen ja yll√§pito on haaste, johon aniharvat eliitin j√§senet paneutuvat, koska heid√§n mielest√§√§n heit√§ hyvin palvelleessa raadollisessa mertokratiassa ei ole mit√§√§n vikaa. 2/2",0,3.0,0,0
2023-03-14T07:32:55.000Z,"capitalism is never fair and thrives on exploitation, whether it be exploitation of labour, resources, the environment etc,, this isn‚Äôt sustainable. conservatives suck and capitalists suck it‚Äôs time for some reform and change",0,5.0,0,0
2023-03-14T07:32:54.000Z,"@MaryRob73962978 @LeiselHughes @Mr_One_Hand @AriDrennen This is completely false, and girls having a ""shorter than average"" haircut doesn't equate to being trans... Besides, is capitalism bad only now that there's gender affirming care? Not when insulin manufacturers gouged the prices of life saving doses?",0,3.0,0,0
2023-03-14T07:32:51.000Z,@cryshots Capitalism must crumble!!!!!,0,50.0,0,0
2023-03-14T07:32:49.000Z,"@CollinRugg Hi, I'm Collin.  Me and my rich friends lost investment money.  I'm gonna cry whine and complain and try to make everyone believe they're paying for it!
FDIC insurance.
The regular people are fine. We don't care. Like Biden said - You are investors, and this is Capitalism",0,2.0,0,0
2023-03-14T07:32:47.000Z,"@ConceptualJames @ppeketsi Marcusea saattaisin jaksaakin lukea, mutta en kuunnella Lindseyt√§, vaikka edellinen ei ehk√§ ymm√§rr√§k√§√§n, ettei kommunismissa vika ollut Marxin analyysiss√§ tai tavoitteissa, vaan Lenin, Maon ym. tavoissa pakottaa samat ""hyveet"" alas kaikkien kurkusta. 1/",0,4.0,1,0
2023-03-14T07:32:45.000Z,That's capitalism baby,0,5.0,0,0
2023-03-14T07:32:38.000Z,@55alidd HHHHHHHHHHHHHHHHHHHH oui,1,5.0,1,0
2023-03-14T07:32:34.000Z,"@B_NotAfraid @ACleverNickname @mexic0la_ @36gritfella @barefootdabhidh @HoTought @SurferDood_2021 oh so you're like some mossad bum

that's cute

picking capitalism over communism to become a genocidal outpost

way to go with the walk of life there champerino",0,5.0,0,0
2023-03-14T07:32:30.000Z,"Ppl are inherently stupid &amp; selfish. It‚Äôs just üíØ obvious that overpopulation is the PRIMARY driver for climate change. Yes capitalism, &amp; the beef industry, &amp; fossil fuel. BUT 4 generations ago they had less than a billion ppl. Now we‚Äôre pushing 9 billion! Bring back #RoevWade üôÑ",0,1.0,0,0
2023-03-14T07:32:21.000Z,Through investment. Through education. Through art. Through modernism. Through capitalism. Through hope. Through peace. Through advancements. Through economics. Through companies. Through liberalism. Through progressivism. Through inclusion. Through information. Through focus.,0,1.0,1,0
2023-03-14T07:32:11.000Z,"@JeffJacksonNC @papa_neslo Socialism for the rich, capitalism for the poor, and you waving the flag all the way. Pretty typical.",0,3.0,0,0
2023-03-14T07:32:10.000Z,capitalism sucks. üòµ‚Äçüí´,0,7.0,0,0
2023-03-14T07:31:59.000Z,@unusual_whales So he knows how capitalism works!?,0,3.0,0,0
2023-03-14T07:31:35.000Z,@JaneCaro You have to admit many of Labor‚Äôs policies represent a resurgence of Nazism. Many similarities in recent years. Labor very entrenched in authoritarian capitalism.,0,1.0,0,0
2023-03-14T07:31:25.000Z,"Capitalism ,and criminal it in the banks, and the government always bailed them out,. The same people who criticize the poor for asking  the government for help .https://t.co/vWq3zk9pUG",4,175.0,0,3
2023-03-14T07:31:25.000Z,Silicon Valley Banking Crisis and the pitfalls of Capitalism. ep. 15 #podcast https://t.co/wRkrJMvYzr,0,7.0,0,0
2023-03-14T00:00:20.000Z,"Capitalism won‚Äôt make most of us as rich as Elon Musk, but it‚Äôll make most of our grandchildren richer than him‚Äîjust as it made most of us richer than Rockefeller in nearly every way that matters",305,18556.0,32,45
2023-03-13T04:45:28.000Z,"Notice the prongs are matte silver but V2 has shiny prongs like metal. Bc to make plastic look like metal you need expensive methods like electroplating, physical vapor deposition,etc.  V3 is cheap so why does it cost more? #BoycottCaratBongVer3
#BOYCOTT_CARATBONGV3 @pledis_17 https://t.co/iB1byqaC3h",998,29655.0,5,460
2023-03-14T07:31:24.000Z,@OrangeLeafWave Where is Oxford exactly?,0,5.0,1,0
2023-03-14T07:31:23.000Z,"@HodlMagoo Surveillance capitalism -&gt; Thieving of methods of production of energy, of data, of ideas, training algorithms such that they thief geometries of energy flows ie information ie your job ie artificial intelligence",0,2.0,0,0
2023-03-14T07:31:17.000Z,"@SereneNecrosis You're misunderstanding what kind of control is awarded workers under capitalism.

The owner has control. You have the ability to control whether or not you continue to work there. You can bargain for better wages and conditions due to the power of labor not any right of control",0,3.0,1,0
2023-03-14T07:30:43.000Z,@InsightTweeting Unregulated Capitalism,0,3.0,0,0
2023-03-14T07:30:43.000Z,"@Budrino @Sarah_Colero It is against the law in the US, not in Canada (at least not yet). The CCLA is working on it I believe. I googled it at some point this past year",0,2.0,0,0
2023-03-14T07:30:36.000Z,"@LericDax Had a similar one but classmates were stealing it and showing me their ""new device"".. üòúüëèüôè, what a distressing and humiliating situation for me, parents told me they would buy me only a cheaper one untill I learn to protect my ""property"", yeah, capitalism is so helpful for psy=",0,5.0,1,0
2023-03-14T07:30:33.000Z,Yeah. Capitalism is a scam. The less I have to participate in it the better.,0,15.0,0,0
2023-03-14T07:30:26.000Z,"@markmulroney 1.
I am not a socialist, but this is not capitalism. Capitalism needs hard working people who make profits. It needs competition. Since government printed money, we don‚Äôt have a free market. Maybe these guys should take much less profits.",0,2.0,0,0
2023-03-14T07:30:14.000Z,Seize the means of production,0,71027.5409252669,0,0
2023-03-14T07:30:06.000Z,@caitoz It‚Äôs not fear. It‚Äôs cultish indoctrination of capitalism and the love of money over people‚Äôs lives.,0,4.0,0,0
2023-03-14T07:29:42.000Z,"@bazzaflavell1 @Mike_Fabricant So without capitalism would people just stop needing stuff?
Of course there would be jobs it's just the greedy bosses and ruling class parasites wouldn't keep all the money and we would all benefit. This is what they don't tell you about socialism it works for the people.",0,2.0,0,0
2023-03-14T07:29:34.000Z,"@HodlMagoo Slavery had never gone away, it transformed. Production of energy using body, slave. Production of energy using machines, crony capitalism. Storage of energy into gold, war -&gt; confiscation, then decoupling, fiat inflation thieving of energy storage. Surveillance capitalism -&gt;",0,3.0,1,0
2023-03-14T07:29:10.000Z,"I have just paid ¬£2.50 for an iced coffee on the train, I repeat they now serve iced coffees on trains, capitalism at it‚Äôs peak",1,19.0,0,0
2023-03-14T07:29:09.000Z,@acnewsitics No. That‚Äôs what capitalism looks like. They‚Äôre capitalizing off their assets.,0,2.0,0,0
2023-03-14T07:28:58.000Z,"@metuchizzy For this nation ?? 

If Capitalism emanated in Nigeria ,we would be twice richer than the whole of Europe minus corruption .We are fucking greedy and cannot part ways with some certain things",0,7.0,0,0
2023-03-14T07:28:57.000Z,"I wanna be a pretty rock, living under capitalism is too much for me I give up",0,5.0,0,0
2023-03-14T07:28:11.000Z,"It's all connected, it's all because capitalism. Mulai dr kualitas pendidikan, kesempatan melanjutkan pendidikan, peluang kerja, dan saat sudah kerja. Benerin benang yg kusut ini mulai dari mana? Jawabannya kebijakan dan uang wkw",0,14.0,0,0
2023-03-14T07:28:10.000Z,"@thatdayin1992 In my country, the Czech republic, communists have affirmed already 70 years that the capitalism collaps the next day. As a result, your opinion is funny for me.",1,2.0,0,0
2023-03-14T07:27:42.000Z,@kylehermann @RW_Bert @JStein_WaPo Because monopolies are inherent to capitalism. We live in a capitalist government. Accumulation of resources to the few. There are nuances between capitalists for sure but they do control the government.,0,3.0,0,0
2023-03-14T07:27:42.000Z,"@CharlieArmstng The NDP is a right wing party. The pretense of social democracy has come and gone, only capitalism remains.",0,2.0,0,0
2023-03-13T19:31:39.000Z,"Watching banks get bailed out for the second time in my adult life while also preparing to watch the Supreme Court tell us that cancelling a paltry $10k of student loan debt per borrower is ""government overreach."" https://t.co/yEpvis4VCB",17673,289199.0,21,2954
2023-03-13T11:35:44.000Z,"Kritik kapitalisme yg lebih mengena bisa kita kembangkan dari anekdot ini, yaitu hidup kita selepas kuliah/sekolah itu aneh.

Tercerabut dari lingkungan, terpisah dari teman, migrasi jauh, terus ngadepin jam kerja yg gak kondusif utk berkeluarga, romansa, atau keep persahabatan.",1317,107270.0,10,291
2023-03-06T19:24:16.000Z,Check the thread below and find all the amazing gifts you can win straight out of our House Of Goodness @SXSW. RT your favorites and get a chance to make them yours. Take the goodness home with Avocados From Mexico. #SparkTheGood #SXSW #Sweepstakes,442,897436.0,90,320
2023-03-01T21:54:34.000Z,We make gourmet marshmallows by hand in small batches.,3125,504899.0,62,178
2023-03-14T07:27:40.000Z,"@rawchronicles Slavery was the fuel that drove the transition from mercantilism to capitalism. After slavery, policy was used to shut us out of capitalism's benefits. Like single family zoning was designed to stop black home and business ownership. Today about 75% of residential land is SFZ.",0,5.0,0,0
2023-03-14T07:27:33.000Z,Socialism versus capitalism. capitalism on trials. https://t.co/8zp8zmpbux,1,177.0,0,1
2023-03-14T07:27:23.000Z,"TBH
In this capitalism world of life
You can't expected Dortmund to win over Chelsea 
A fan of Sampdoria can't see them beating up Juve in their home 
And a rossoneri die hard fan can't believe the bitch Referring System robbing them again and It's in Their home.",0,19.0,0,0
2023-03-14T07:27:20.000Z,"March 14th Birthday of Karl Marx, one of the most influential thinkers in history. Marx's ideas about capitalism and socialism inspire us to fight for social justice. Let's honor his legacy by continuing the struggle for a better world. 
#KarlMarxBirthday 
#Marxism 
#Socialism https://t.co/5pdi1xBYOB",2,60.0,0,2
2023-03-14T07:27:11.000Z,@ssteve474 @corbyn_project @jeremycorbyn Capitalism was a success because it was built on the backs of slaves. Without 400 years of free labour &amp; imperialist theft that wall wouldn‚Äôt exist. Now that workers aren‚Äôt prepared to work for nothing capitalism is rotting. It‚Äôs profoundly stupid to pretend otherwise.,0,6.0,0,0
2023-03-14T07:27:07.000Z,entire ecosystems are going bye bye bc capitalism,0,9.0,1,0
2023-03-14T07:27:01.000Z,"@MarxianDialogu1 @Trotskyism1917 Like, what then? I imagine the West would immediately sanction a new gov't in Kiev. Russian capitalism is quite developed and I don't see how monopolistic laws of the development of capitalism would not inevitably lead to an imperial relationship between Kiev and Moscow.",0,7.0,0,0
2023-03-14T07:26:29.000Z,"@pydlv64 @Shedletsky 1. The money is still coming from the DIF which AFAIK is still your everyday working American‚Äôs money but funneled through a bank instead of IRS
2. Capitalism can also lead to monopolies which does the exact opposite of all that",0,9.0,0,0
2023-03-14T07:26:25.000Z,"@girod_gary Is not as if anyone from a libertarian school of economics has been saying this was gonna happen when the fed started pumping liquidity into the economy as COVID stimulus... Is not as if the extra spending of those days is coming due now... Nah, it has to be capitalism bad",0,12.0,1,0
2023-03-14T07:26:23.000Z,"@SosageMcBiscuit @MeganTheOracle I think it‚Äôs time you take a look around and realise what‚Äôs happening to us under capitalism, it‚Äôs literally the exact same problems you say socialism would create or allow. Why won‚Äôt you face the truth that greed is the problem?",0,7.0,0,0
2023-03-14T07:26:23.000Z,Late stage capitalism is so broken that its actors are actively trying to [TOS] itself and disregards attempts by the old guards to salvage the system,2,36.0,1,0
2023-03-14T07:26:21.000Z,Capitalism brutality in France.,0,241.0,0,1
2023-03-14T07:26:20.000Z,"@alltoplay4 Twitter ""left"" are right-wing apart from the likes of you &amp; me...but you don't seem to realise. They are comfortably-off but feel hard done by compared to those with even more money/power. They want a bigger cut of the capitalist pie. Meanwhile victims of capitalism die voiceless",0,7.0,0,0
2023-03-14T07:26:18.000Z,The rising left-wing accelerationism or digital accelerationism is the front view of becoming the Argonauts of the new era. They give a completely different direction to face capitalism and transcend capitalism-acceleration!,0,6.0,0,0
2023-03-14T07:26:08.000Z,"I told you, we‚Äôre gonna dance to little richard, then you can leave https://t.co/XzdChY5srm",1,9.0,1,0
2023-03-14T07:26:01.000Z,Capitalism at work.,1,211.0,0,0
2023-03-14T07:25:49.000Z,@gilliantett That arrangement is the central algorithm of capitalism.,0,3.0,0,0
2023-03-14T07:25:48.000Z,@hkuppy Yeah ‚Ä¶. But he is capitalism. Just like Fauci is science. He needed the bailout to purchases another $100M house.,1,37.0,0,0
2023-03-14T07:25:45.000Z,"@ananavarro All this hate from the right, and the better than vibe by the Dems . Capitalism thrives on keeping workers hostage. Trickle down never worked. Please stop the fear mongering and let's vote together. It will work. Something needs to change.",0,5.0,0,0
2023-03-14T07:25:28.000Z,"@Xavier_Ho I should do that, I'm kind of terrible about the capitalism thing. 

Do you have any advice on where to even do that? Maybe a kickstarter? Idk x_x",0,3.0,0,0
2023-03-13T16:18:51.000Z,The libertarian venture capitalists we bailed out have really seen the value of a safety net and - no Jk they aren‚Äôt even grateful. Immediately back to dismantling the government for everyone else https://t.co/aBt3ZCdXab,566,25428.0,14,90
2023-03-13T14:24:43.000Z,"Meet Joe Gentile.
He worked at Arthur Andersen when that firm co-conspired in Enron &amp; WorldCom scams (whoops).
Then CFO at Lehman (whoops again)
Now a big wig at SVB (c'mon... GTFOH).

In Banking, criminality is a resume' enhancer. #capitalism https://t.co/B54Zj9vRYa",183,9142.0,9,92
2023-03-12T09:04:09.000Z,"A million ppl came out onto the streets of France yesterday, to fight for their pensions. To defend themselves against capitalism. Met by Macron's brutal attack dogs, they stand strong united. The French workers will not give up the fight. #SocialistSunday
https://t.co/CPeUnAoiR7",373,21407.0,12,182
2023-03-14T07:25:09.000Z,10% ticketing charge for kverse ph?? joke time ampota kami nalang sana nagpapunta sa aespa tapos ambagan kami i h8 capitalism,2,81.0,0,0
2023-03-14T07:24:55.000Z,"@AaronCr04135005 @offredington @VlntDesperado @Sargon_of_Akkad If a filthy commie cries ""state run capitalism"" its always a cope for the CCP.",0,8.0,0,0
2023-03-14T07:24:51.000Z,@michael_lanning Is this a failing bank issue? Or just vulture capitalism?,0,5.0,0,0
2023-03-14T07:24:44.000Z,@AndrewRTDavies British capitalism is brilliant till it goes tits up then the taxpayers bail it out.,0,11.0,0,0
2023-03-14T07:24:42.000Z,"@MDSebach Note also how you‚Äôve suddenly made it a zero sum game because it suits your argument. Hence the ad hoc. For the record, capitalism has ùëéùëôùë§ùëéùë¶ùë† functioned like this. Private companies bidding for government funded contracts.",0,4.0,1,0
2023-03-14T07:24:27.000Z,"@SimonThomsen Biden on investors: ""They knowingly took a risk and when the risk didn't pay off, the investors lose their money. That's how capitalism works.""",0,15.0,1,0
2023-03-14T07:24:19.000Z,"@SomaKazima @__YL__ It wasnt economically great either because of capitalism, corporate greed, the exploitation of the lower class, the inflation that has been rising for decades, wage disparity, the decline of social security, and many more issues",0,26.0,0,0
2023-03-14T07:24:19.000Z,"Is a lot of western coverage ideaologically biased against and racist about China, pushing sinophobia? Yes.

That doesn't mean any slight piece of negative coverage of the country is lies, or that China - being a state that practises State Capitalism - is somehow progressive.",0,6.0,0,0
2023-03-14T07:24:13.000Z,question of the day: am i gonna succumb to capitalism? stay tuned!,0,12.0,0,0
2023-03-14T07:23:58.000Z,@Malcolm12345672 @alp_warrior Creationism is what allows capitalism flourish. USA is hellbent on maintaining the status quo where 3% own 80%. Being created by a god allows the thinking that if I've got it I deserve it. Any good fortune I have or any ruin of others is god's will. Who is in the 3% can vary.,0,3.0,0,0
2023-03-14T07:23:57.000Z,@JoshuaM00183510 @PunishedHoly @bigblackjacobin @LevineJonathan @Slate Firstly: that was the point of this thread. Capitalism is about amassing capital. What you do with it is secondary.,1,18.0,1,0
2023-03-14T07:23:25.000Z,"@TempleDrake00 @PunishedHoly @bigblackjacobin @LevineJonathan @Slate A world without capitalism is nowhere near reality.

Evidently you must live in a dream world.",0,9.0,0,0
2023-03-14T07:23:04.000Z,"All this shit capitalism, socialism, totalitarianism, communism etc will become a blur ~ wonder what law &amp; order rules #AI will make in the future for humans üßê or will be utter chaos &amp; survival of the fittest to the utmost",0,21.0,0,1
2023-03-14T07:22:59.000Z,@emaldon7 @o_wn14 @Rothmus The bailout of the banks in 2008 - a huge socialist programme to prop up capitalism.,0,3.0,0,0
2023-03-14T07:22:49.000Z,"Capitalism isn't content with merely being incapable of creativity.

No, Capitalism hungers to actively snuff out creativity wherever it is found.",1,17.0,0,0
2023-03-14T07:22:32.000Z,"The financial system is at the very heart of capitalism. And, as has been demonstrated repeatedly, the financial system only survives because the state underwrites it. So we should not accept any of the precious neoliberal bs about the sanctity of markets",7,336.0,0,1
2023-03-14T07:22:30.000Z,"@MFintwit In a way it‚Äôs still capitalism but with the lack of moral hazard attached which means you can be even more greedy knowing you will be bailed out. Sadly, it‚Äôs definitely socialism. Same reason why people don‚Äôt want to work due to free money from the government",0,4.0,0,0
2023-03-14T07:22:30.000Z,@vonVvegan @Predatorian234 @RBReich The American consumer consumes exactly what they decide to . Companies hire talented people they earn a living and spend money on whatever they desire. That's economic freedom. I'll stick with capitalism.  If you like what you have then you keep it and stay there.,0,2.0,0,0
2023-03-14T07:22:24.000Z,"@ksorbs I thought hell...welcome to the  nightmare I and far too many others have been living in large part to the unfettered capitalism that the GOp has been preaching. Right now...thanks to last decades drunken sailor spending by the GOP, I am working 60+ hours between two  jobs...",0,4.0,1,0
2023-03-13T14:33:57.000Z,"Watching capitalists try to explain why we have to keep bailing out capitalists who are engaging in capitalism without them condemning capitalism is extremely fascinating to watch

Twisting themselves into pretzels to avoid diagnosing the problem",1341,43879.0,58,328
2023-03-13T12:36:45.000Z,"‰∏ñ„ÅÆ‰∏≠„ÅÆ„É≠„Ç¥„Åå„Å©„Çì„Å©„Çì„Çµ„É≥„Çª„É™„ÉïÔºàÁ∑ö„ÅÆÂ§™„Åï„ÅåÂêå„Åò„ÅßÁ´Ø„Å´È£æ„Çä„Åå„Å™„ÅÑ„Éï„Ç©„É≥„ÉàÔºâ„Å´„Å™„Å£„Å¶„ÅÑ„Çã„Å®„ÅÑ„ÅÜÊåáÊëò

„ÉÜ„ÉÉ„ÇØÊ•≠Áïå„ÅÆ„É≠„Ç¥

1/n https://t.co/p8TbRnRW5x",31419,5542093.0,67,7277
2023-03-14T07:22:20.000Z,@zhang_heqing china's propaganda showing how bad is capitalism.. You know what? First put your autoritary regime komunism in to garbage and fly straight to the ass,0,3.0,0,0
2023-03-14T07:22:09.000Z,"@sed_paz12 @bigblackjacobin @Slate ""Community Solar"" isn't going to save the ecosystem from collapse.
Deconstructing capitalism is the only option.",0,7.0,0,0
2023-03-14T07:22:05.000Z,"Well, quite. Anything else is just soapbox politics. You simply can‚Äôt turn a blind eye to the risk of deposit runs once they start. ‚ÄòCapitalism‚Äô doesn‚Äôt require financial meltdown for its own survival fhs. But adequate depo ins and robust regulation",2,1545.0,0,0
2023-03-14T07:22:04.000Z,@Fractal_YT @delilahluv19 @DailyLoud That's called capitalism,0,126.0,0,0
2023-03-14T07:22:02.000Z,"US capitalism is ‚Äòbreaking down before our eyes‚Äô, says Ken Griffin - https://t.co/LOykPmJmVe via @FT",0,37.0,0,0
2023-03-14T07:21:55.000Z,Book need reading ;'observing and analysing the quiet emergence of a fundamentally anti-democratic new economic logic that I call surveillance capitalism.' this rogue capitalism that now owns and operates the internet. From currency to political elections https://t.co/PJZOw7ztFx https://t.co/3UwQGav3b4,0,71027.5409252669,0,0
2023-03-14T07:21:54.000Z,"Materiali pubblicati su #Academia:
""Ogni sistema di produzione di merci √® sistema capitalista, da quando si produce lavorando, in masse d'uomini, a masse di merci""
Dialogato con Stalin - 3 
https://t.co/FB22a1N62G
#Soviet #SovietHistory #Marxism #Marx  #Capitalism #capitalismo",1,9.0,0,1
2023-03-14T07:21:48.000Z,My job permits I stay up to sell capitalism and slave labor,0,6.0,0,0
2023-03-14T07:21:46.000Z,Vivek Ramaswamy: ‚ÄòI think [the SVB rescue plan] is crony capitalism all ... https://t.co/kdaqGahiEG via @YouTube @VivekGRamaswamy @NEWSMAX @EmmaRechenberg @ShaunKraisman,0,6.0,0,0
2023-03-14T07:21:34.000Z,https://t.co/L6MvoACZe0,28,948.0,0,3
2023-03-14T07:21:22.000Z,"people call it ""capitalism"" i call it ""crapitalism"" and you you can't spell ""crapitalism"" without ""rap""",0,6.0,0,0
2023-03-14T07:21:19.000Z,": The joys of Capitalism, Neoliberalism, &amp; Oligarchy...! üö´",3,105.0,1,2
2023-03-14T07:21:11.000Z,A great article. Valley techbros and VCs represent an existential risk to capitalism and society itself. Regulation and culture change is long overdue.  https://t.co/iIgib4X8Z6,2,186.0,0,1
2023-03-14T07:21:02.000Z,"I'm in my early 20's and I've always thought socialism is a ""evil"" system that only benefits the government, but it's really just democracy in the workplace. This blew my mind. I never even questioned the authoritarian nature of capitalism.",0,1.0,0,0
2023-03-14T07:20:59.000Z,@BxPersonified @OMI__Homie @veve_official You‚Äôve sold over 5100 muppets pillows for $118 on Etsy. Sounds like capitalism isn‚Äôt treating you well. Would people be buying your pillows if it weren‚Äôt for you bootlegging the characters? Is there any environmental degradation associated with the making of those? Just curious,1,8.0,1,0
2023-03-14T07:20:57.000Z,They killed US capitalism 100 years ago.,0,4.0,0,0
2023-03-14T07:20:40.000Z,'F*cking angry' Marxist teacher calls for urgent war against capitalism: 'Revolutions involve violence' https://t.co/0iCeJItv7A #FoxNews,0,1.0,0,0
2023-03-14T07:20:38.000Z,"@Gritty20202 Why ""men""? Why can't ""women"" rob the world? Do you mean they are too dumb? CANCEL THƒ∞S ANTƒ∞-FEM!!!!
Nah kidding, crony capitalism at its finest.",0,1.0,0,0
2023-03-14T07:20:34.000Z,@OleGriersy Capitalism stonks üìàüìà,0,24.0,0,0
2023-03-14T07:20:27.000Z,@ABCommunist They are signifiers of the enevitable failure of capitalism and the immortal science of communism.,0,1.0,0,0
2023-03-13T17:25:54.000Z,Silicon Valley Bank got bailed out faster than the American people did. And you still think the Democrats are any better than the Republicans?,232,3196.0,16,64
2023-03-13T08:24:05.000Z,"What‚Äôs the AWFUL message we‚Äôre sending here? That bank equity/bonds will be wiped out and management investigated, but depositors in major US banks are fine even beyond $250k insurance threshold and if there are any losses other banks will bear cost? 

Gotta say I‚Äôm ok with that.",72,11337.0,17,3
2023-03-14T07:20:26.000Z,Odd seeing most western financial policies &amp; laws are more communist than anything with a hint of crony capitalism &amp; technocrat systems,0,15.0,0,0
2023-03-14T07:20:26.000Z,"@TheZeroPolar @Matthew09211 @Silverhood4 @Gritty20202 capitalism is inherently tyrannical, without the threat of violence from the state no one would ever accept someone sitting on a yacht deciding they own the means of production and get to decide how you work and where the fruits of your labor go",0,1.0,0,0
2023-03-14T07:20:16.000Z,"@ABCommunist The capitalist assertion of individual ownership is laid bare as false by the mere existence of Unions, which are bodies that arise under capitalism, by which the worker seeks a prototypical form of their intrinsic right of ownership and control.",0,3.0,1,0
2023-03-14T07:20:05.000Z,"Just when I was starting to get back in shape, I gotta go back to work again‚Ä¶ capitalism ftw.",5,50.0,0,0
2023-03-14T07:19:59.000Z,"The fall of SVB is the byproduct of western capitalism just like a serpent eating itself ! ( self destructive),,With all the toughest measure in place GREeD will always win! Complete failure of the FDIC, SEC, FedReserve!!",0,6.0,0,0
2023-03-14T07:19:44.000Z,"@VishalT92442012 @rishibagree The issue of big landlords is real, and laws do not offer an immediate solution. The government seems to prioritize business monopolies and a cut-throat capitalism, which is unreliable in tough times.",0,6.0,1,0
2023-03-14T07:19:31.000Z,"@DavidSacks @theallinpod its not about scapegoats, its just about pointing out the obvious fact:   You woke VC's and tech bros want Capitalism on the way up, and socialism on the way down to protect your gains.  Pure #Hypocrites",0,2.0,0,0
2023-03-14T07:19:26.000Z,"I am a bit surprised poeple may have thought the EU/US government aids to Ukraine are free, it is capitalism in nature. May this war will end soon. https://t.co/KojGmpemZ4",0,19.0,0,0
2023-03-14T07:19:21.000Z,"@LoyalistLelouch You hit the nail on the head, in the context of contemporary fluid society, it‚Äôs an established tradition that techno-capitalism is not a mere product of society, but rather an active shaping agent that contours society in accordance with its rationality.",2,178.0,2,1
2023-03-14T07:19:20.000Z,"@barefootdabhidh @SurferDood_2021 @ACleverNickname @mexic0la_ @HoTought @B_NotAfraid @36gritfella lies wear thin

wonder how that works out for your funding long terms

did you know capitalism plays both sides?

based on public opinion they try SO HARD to condition

eventually enough USians wanted to invade normandy 

tick tock",2,14.0,2,0
2023-03-14T07:19:09.000Z,"@BadmenBad @LukeEnsorMC @ThisIsJus Yeah seems like the criticism of capitalism 3 is basically just wishful thinking, there is very little evidence to suggest that all economic activity would be reduced to decentralized small horizontal firms without meddling by the state",0,24.0,0,0
2023-03-14T07:18:52.000Z,"@ITVNewsPolitics @SuellaBraverman ""End stage capitalism"" is on show right there! Division is all they can sow right now. ""Lefty"" principles paid for the jab program that got us out of lockdown &amp; the bank's being bailed out. NHS &amp; Welfare state is from socialist principles...how many want to pay their own way?",0,12.0,0,0
2023-03-14T07:18:21.000Z,@alipomustaqimo The fact that you put socialism there and not capitalism says a lot about who you fear.,0,1.0,0,0
2023-03-14T07:18:17.000Z,@Rade54yu A better example would be Yugoslavia but even then it was not the best. Im all for advocating for change in capitalism and even for socialism but why do people wanna reference failed bastirdasations of said ideologies,0,4.0,0,0
2023-03-14T07:18:12.000Z,@OkekenwaP @connordpeters @unusual_whales So is it the breakdown of US capitalism or not?  He should be allowed to fail by his logic.,0,11.0,0,0
2023-03-14T07:17:57.000Z,"@blader @DavidSacks @Jason I wouldn't be such a critic about him if:
1) He didn't tell people to freak out IN ALL CAPS, guaranteeing a run
2) He didn't routinely call for cut-throat capitalism for everyone unless it affects him and his friends. It seems Libertarians love welfare.
https://t.co/evkq1tZib7",0,6.0,0,0
2023-03-14T07:16:55.000Z,This entire concept of race/racism wouldn't exist without capitalism. Slavery existed because of capitalism. Colonization &amp; massacres of thousands of people happened because of capitalism. Black ppl were literally the capital. This is why humanities studies are important.,0,3.0,0,0
2023-03-14T07:16:43.000Z,"Damn, it's almost like capitalism has this natural boom-bust cycle which the powerful are incentivized to continuously exploit, accelerate and exacerbate until it becomes this one big long rolling self-confounding series of collapse events that never ends - has anybody said this?",8,143.0,0,3
2023-03-14T07:16:40.000Z,"Well companion, you should end capitalism.",0,71027.5409252669,0,0
2023-03-14T07:16:39.000Z,@DropkickLefty @OMGTheMess Hitler persecuted nearly bloody everyone. I think calling fascism capitalism or socialism is plain wrong. Fascism takes elements of both which is why it is not just classified as one or the other.,0,9.0,0,0
2023-03-14T02:04:41.000Z,"BILLIONAIRE KEN GRIFFIN SAYS UNITED STATES CAPITALISM IS BREAKING DOWN BEFORE OUR EYES

Surprised?",1069,78358.0,68,190
2023-03-10T19:08:06.000Z,"""I have been using the capsules for two years: daily. It has been so long i cannot recall what it was like without them üòâ. However, my cognitive functions are improved and of course the immunity function has kept me in the pink! """,34,319343.0,4,1
2023-03-07T22:03:04.000Z,Elected officials and investors are demanding @HCAHealthcare put quality patient care and safe staffing over profits.,13,123254.0,1,2
2019-07-27T21:12:12.000Z,"@Shahryar @CopticChad @AOC @realDonaldTrump To be clear:

1/I‚Äôm in favor of folks making their own decision on paid/unpaid internships‚Äîfreedom of choice (we pay our interns)

2. RE: student debt forgiveness, I think folks shouldn‚Äôt get a bailout (banks, airlines or students), as bailouts remove accountability for actions",19,71027.5409252669,11,5
2023-03-14T07:16:27.000Z,"@GueveraLeninist @LukhanyoGantsho @SizweLo Bathong‚Ä¶ America., the richest and most powerful nation in the world, has 34 million people living in abject poverty to date. Capitalism is great neh!",0,2.0,0,0
2023-03-14T07:16:26.000Z,"@ItsJoCa10 @OrwellNGoode And, like i typed there, guyss.

""complex problems"". It's many factors.

But about capitalism, i think it's one of the biggest reasons.",0,4.0,0,0
2023-03-14T07:16:23.000Z,@LubagMiguel cant wait malamon ng capitalism &lt;3,0,3.0,0,0
2023-03-14T07:16:12.000Z,Capitalism can eat my shorts,0,8.0,0,0
2023-03-14T07:16:04.000Z,"US capitalism is ‚Äòbreaking down before our eyes‚Äô, says Ken Griffin https://t.co/3wvCWeFRbC",0,13.0,0,0
2023-03-14T07:15:46.000Z,https://t.co/GoEhyTJXZg,0,2.0,0,0
2023-03-14T07:15:35.000Z,"Itu namanya FOMO, bukan Late capitalism",0,25.0,0,0
2023-03-14T07:15:18.000Z,"@winemakEric @iamharaldur You must be joking ü§¶ It's capitalism because the means of production lie in the hands of capital owners instead of the workers. Taxes exist in a capitalist system to cover things that are essential for a society to work e.g. streets/infrastructure, police, military etc.",0,1.0,0,0
2023-03-14T07:15:16.000Z,"I want to ughhhhhhhhh redacted everything just‚Ä¶ I‚Äôm going to give up. Nietzsche was right. I am miserable. It‚Äôs not because God is dead but capitalism‚Ä¶ yeah, stop.",0,8.0,0,0
2023-03-14T07:15:16.000Z,@vonVvegan @RBReich In America capitalism works . Rewarding a person that creates a business from nothing based on an idea . Putting work into that idea and transforming it into something that everyone can enjoy if they want.  The person that created the product reaps a healthy reward.,0,3.0,0,0
2023-03-14T07:15:08.000Z,@yleuutiset Ain‚Äôt capitalism great? üí©,0,21.0,0,0
2023-03-14T07:15:00.000Z,"Free enterprise capitalism is economic democracy.

It limits the power of government by maximising the power of the people. Free enterprise capitalism is a necessary‚Äîthough not a sufficient‚Äîcondition for political democracy itself. https://t.co/VwsXmKCFzT",24,1285.0,0,8
2023-03-14T07:14:52.000Z,"Every time some shit like ""Capitalism"" is trending, I always hope it's going to be all professional-athlete tweets, like a backup 3 on the Suns going ""#capitalism Ion know what y'all think?üëÄ""",13,758.0,2,1
2023-03-14T07:14:52.000Z,"‚ÄúLosses to depositors would have been immaterial, and it would have driven home the point that risk management is essential.‚Äù

""US capitalism is ‚Äòbreaking down before our eyes‚Äô, says Ken Griffin https://t.co/heRVVGMNwL",0,13.0,0,0
2023-03-14T07:14:14.000Z,"'Funny how this moron is against capitalism while using a lap top and Wi-Fi to spawn such ignorant fuc&amp;ery! Lol. F*cking angry' Marxist teacher calls for urgent war against capitalism: 'Revolutions involve violence'

https://t.co/FZRrVovj3B",0,4.0,0,0
2023-03-14T07:13:42.000Z,"Angry teachers.  Angry students.

'F*cking angry' Marxist teacher calls for urgent war against capitalism: 'Revolutions involve violence' https://t.co/FKOimCPnij #FoxNews",0,1.0,0,0
2023-03-14T07:13:37.000Z,"Pero este hombre no sabe lo que dice‚Ä¶. 
Aqu√≠ cuando pierden los bancos, gaseoductos, autopistas, aeropuertos, etc. nosotros vamos y los rescatamos. 
That‚Äôs how our fucking capitalism works! ü§®üò±",0,76.0,0,0
2023-03-14T07:13:30.000Z,"Todd: Capitalism, don‚Äôt fail me now‚Ä¶",0,4.0,0,0
2023-03-14T07:13:22.000Z,"I hate capitalism, the patriarchy, all government forms and just life in general 0~0",0,71027.5409252669,0,0
2023-03-14T07:13:08.000Z,"@SereneNecrosis That is not accurate at all. Take the railroad unions who were prevented from bargaining for better conditions. Unions under capitalism have the right to bargain just like workers have the right to bargain. Do individual workers own the MoP? No, unions just amplify that power it",0,6.0,2,0
2023-03-13T13:17:00.000Z,"Pres. Biden says those who invested in failed Silicon Valley Bank and Signature Bank will not be protected: ‚ÄúThey knowingly took a risk and when the risk didn‚Äôt pay off, investors lose their money. That‚Äôs how capitalism works.‚Äù https://t.co/HWi82gAbJP https://t.co/3hVKFJqmZt",12511,4830109.0,891,1791
2023-03-12T10:07:54.000Z,"Late capitalism ini melelahkan, ya. Dikit-dikit kepengen nonton konser (sekarang hampir tiap bulan ada konser), pengennya makan enak terus, ada aja yg perlu dibeli. Kayaknya kalau ga bs ikutin standar lifestyle kebanyakan, bakal ngerasa left-out dan kesepian ü•∂",5140,3274650.0,322,1360
2023-03-06T19:43:44.000Z,In the thread below you‚Äôll find the coolest d√©cor items and more from our House of Goodness @SXSW. RT your favorites and get a chance to make them yours. Take the goodness home with Avocados From Mexico.‚Äã #SparkTheGood #SXSW #Sweepstakes,287,900688.0,42,275
2023-03-14T07:13:05.000Z,"6 days to freedom and liberation from domestic and global capitalism.
#NationalShutdown 
#EFFTurns10 https://t.co/3UmkU0vFZj",3,86.0,0,0
2023-03-14T07:13:04.000Z,@FLKDayton Capitalism!!!,0,2.0,0,0
2023-03-14T07:12:52.000Z,"@dspillane1 @JaneCaro @cousincat Corporatism is a form of capitalism. By your definition, no country on this planet is capitalist, as gigantic corporations control the market for everything, either complete monopolies or cartels of two or three corporations, with only the illusion of choice left",0,3.0,0,0
2023-03-14T07:12:45.000Z,"@Jeffrey89530615 Capitalism has not failed. What has failed are the numerous regulations banks must follow, which is more like fascism than capitalism. Capitalism means individual rights are protected, and the government stays out of economic affairs.",0,1.0,0,0
2023-03-14T07:12:42.000Z,@MysterySolvent Letting her donors know their child labor operations are now officially legal.,0,71027.5409252669,0,0
2023-03-14T07:12:28.000Z,@itsmrmask I always have to kind of hold my tongue because I feel like the belief and support of the concept of nations and borders is as damaging to human culture and life as capitalism is,2,47.0,0,1
2023-03-14T07:12:13.000Z,@RichardGrenell What? I thought DJT made America great again. Your banks are failing but hey this is  capitalism right?  You reap what you sow people!,0,4.0,0,0
2023-03-14T07:11:59.000Z,Capitalism is not for Africa.,0,9.0,0,0
2023-03-14T07:11:18.000Z,Realistically I should be doing venture capitalism full time by now but im black so I gotta drop an album first. Lucky I have bars so that won‚Äôt be an issue üò≠ #FREEBARS #DebaucheryEp #INeedYourLove #GPLNE #LOANGAWD #INFINITEBLESSINGS,0,2.0,0,0
2023-03-14T07:11:12.000Z,"@Nyikiwa_S_Lot You do realize that a mixed economy is a combination of socialism and capitalism aspects, right? üòè",0,6.0,1,0
2023-03-14T07:11:07.000Z,@PSarbabidya @sschib58 @Swamy39 Is Modi not involved in scam. In fact the rise of Adani parallel to Modi's ascend to national politics and his term as PM is the biggest example of crony capitalism. Still Mr. Swamy keeps his eyes closed. Indian democracy will sink if Mr. Swamy didn't call spade a spade.,0,10.0,0,0
2023-03-14T07:10:41.000Z,"‚ÄúCapitalism in its western iteration does not know how to live without bubbles at all - this was the case in 2000 when the dot-com crisis brought the markets down 50-60%, and the bottom was only reached by the end of 2002.‚Äù ‚Äî Russian Demiurge",8,340.0,1,2
2023-03-14T07:10:39.000Z,In reality someone says they like capitalism and I have to try not to pick my cane up and use it as a weap0n üò≠,3,50.0,0,0
2023-03-14T07:10:38.000Z,"I say ‚ÄúCapitalism is bad,‚Äù and the crowd goes wild!! 
But when I say ‚ÄúI think we can right this and other injustices through communism,‚Äù society. Society says I‚Äôm evil. /hj",5,101.0,1,0
2023-03-14T07:09:52.000Z,"US capitalism is ‚Äòbreaking down before our eyes‚Äô, says Ken Griffin https://t.co/ljIVAp6YFW",0,7.0,0,0
2023-03-14T07:09:51.000Z,@jrlaco11 @pitdesi @iamharaldur That's how capitalism works and the government shouldn't choose winners and losers,0,4.0,0,0
2023-03-14T07:09:37.000Z,"@s8n you misspelled ""capitalism"" as ""existing""",0,2.0,0,0
2023-03-14T07:09:35.000Z,"Ken Griffin of Citadel: ""US capitalism is ‚Äòbreaking down before our eyes' after the Federal Reserve intervened in Silicon Valley Bank. #SIVB #FederalReserve #USCapitalism #Economy #FDIC""",0,49.0,0,0
2023-03-14T07:09:23.000Z,"If you‚Äôre  truly against capitalism, give up all of your gaming  devices.",1,7.0,0,0
2023-03-14T07:09:18.000Z,"I am capitalism and I have dismissed the will of the people, because the people are innocent and they don't know what's good for them.",0,71027.5409252669,0,0
2023-02-17T20:07:38.000Z,We make handmade gourmet marshmallows in small batches.,106,100493.0,16,14
2023-03-14T07:09:15.000Z,"US capitalism is ‚Äòbreaking down before our eyes‚Äô, says Ken Griffin https://t.co/l107SK1eSs",0,71027.5409252669,0,0
2023-03-14T07:08:54.000Z,"@alipomustaqimo 1: Schooling is good for the society 
2: Socialist countries are the happiest countries in the world rn look at Scandinavian countries 
3: capitalism and nationalism are like cancers 
4: Internet is the worst disease of all",0,2.0,0,0
2023-03-14T07:08:28.000Z,@TristanSnell Capitalism never works,0,4.0,0,0
2023-03-14T07:08:20.000Z,@cafreiman like capitalism is chill and all but making claims like this is just dumb,1,9.0,0,0
2023-03-14T07:08:13.000Z,@WatcherGuru Capitalism? Lol. You mean cronie capitalism.,0,1.0,0,0
2023-03-14T07:08:05.000Z,Ok I think I get it. ‚ÄúThe Menu‚Äù is a metaphor for capitalism right?,0,8.0,0,0
2023-03-14T07:08:03.000Z,"@DakaBlink @truckerbuck83 @GuyAdami If you read the post, she already stated proudly she underpays them since they get the ""opportunity to work with the great company"" they're going to lay off people either way and keep whatever they can because capitalism is the driving force here",0,1.0,0,0
2023-03-14T07:07:33.000Z,"US capitalism is ‚Äòbreaking down before our eyes‚Äô, says Ken Griffin https://t.co/dOjEGBSzCu 

Ackman gonna cry again what did I say. Some ledge find the tweet pls hahah",48,6461.0,7,2
2023-03-14T07:07:31.000Z,Istilah apalagi ini late capitalism?üò©,0,5.0,0,0
2023-03-14T07:06:59.000Z,@rekastner @joeywreck The sickness is the system. #capitalism,1,6.0,0,0
2023-03-14T07:06:59.000Z,"6/7‚Ä¶#revolutionary ideas. Marx's ideas have been interpreted and applied in a variety of ways, and his #legacy is complex. While some view him as a visionary thinker who anticipated the problems of modern capitalism, others see him as a deeply flawed and misguided figure.",0,6.0,1,0
2023-03-14T07:06:59.000Z,"@ProductOfLabor Shoukd be a piece of cake, georgism is just an idealized form of capitalism which doesn't even make sense",1,19.0,1,0
2023-03-14T07:06:58.000Z,"5/7 Despite his critiques of capitalism, #KarlMarx experienced financial struggles throughout his life, relying on the support of friends and family to make ends meet. His personal economic condition underscores the inequalities and #injustices he sought to address through his..",0,8.0,1,0
2023-03-14T07:06:57.000Z,@Ginger0G Capitalism will always exist - it‚Äôs not perfect but it‚Äôs the best we got,0,21.0,0,0
2023-03-14T07:06:56.000Z,"3/7 ‚Ä¶In it, he argues that #capitalism is inherently unstable and that it will inevitably lead to crisis and #revolution. https://t.co/xs4uo3ujHG",0,2.0,1,0
2023-03-14T07:06:49.000Z,"I love how people are pointing out that capitalism is completely wrong without realizing that the reason they aren't starving and dead, or worse, is because of capitalism.",0,71027.5409252669,0,0
2023-03-14T07:06:36.000Z,"US capitalism is ‚Äòbreaking down before our eyes‚Äô, says Ken Griffin https://t.co/qpyw9zwLmw 
Founder of @Citadel #hedgefund says ‚Äúthere‚Äôs been a loss of financial discipline with the government bailing out depositors in full.‚Äù with @journofletcher @patrickjenkins_",1,132.0,1,1
2023-03-14T07:06:32.000Z,"The submarines aren't to protect Austrlaian lives... there a smarter way to do that.

It's to protect capitalism.

This is why money is no object.. yet it is for anything that directly helps people.

#aukus",0,21.0,0,0
2023-03-14T07:05:48.000Z,@mixmaxthoco @JortsTheCat So fascism is what happens when capitalism metastatizes and starts to devour its host.,0,11.0,1,0
2023-03-14T07:05:46.000Z,"...capitalism rewards arrogance and incompetence... the absolute worst system in the world... it's constantly failing, and constantly being bailed out by its victims...",2,8.0,0,0
2023-02-17T20:07:38.000Z,We make handmade gourmet marshmallows in small batches.,377,177115.0,20,35
2023-03-14T07:05:24.000Z,"I do believe diversity is a noble goal, but the first indigenous leader of the department of the interior just justified one of the most egregious destructions of wild lands in a generation because money.

Capitalism and classism are the true enemies, regardless of race.",1,48.0,1,0
2023-03-14T07:05:02.000Z,"Pres Joe Biden speaks about protecting depositors in collapsed Banks: ""Investors in the banks will not be protected. They knowingly took a risk &amp; when the risk didn't pay off, investors lose their money. That's how capitalism works""

Shouldn't depositors know what investors know?",2,922.0,1,0
2023-03-14T07:05:02.000Z,@PeteyMHN @baseballtakes1 @JmWolverine90 @jaitehmomo @SaycheeseDGTL They didn‚Äôt say it was healthy. They said it was health*ier* than tobacco,0,14.0,0,0
2023-03-14T07:04:58.000Z,FUCK CAPITALISM!!!,0,40.0,0,0
2023-03-14T07:04:54.000Z,Capitalism is the institutionalization of misallocation and misappropriation of credit.,1,3.0,0,0
2023-03-14T07:04:52.000Z,@ClarkeMicah @SocDoneLeft Privatization is literally promoting capitalism you are literally giving away the means of production to capital owners.,0,6.0,0,0
2023-03-14T07:04:43.000Z,"@TylerGworek @JMS_489 @libertycappy Anarchism is by NO means ‚Äúextreme right‚Äù. Ever heard of Kropotkin? Bakunin? Anarchism is against capitalism, and the only difference between it and communism is that communism has an intermediate stage called socialism and anarchy goes straight to communism.",0,14.0,1,0
2023-03-14T07:04:29.000Z,"@aniobrien @DanielaNadj ... 'guided capitalism' much like NZ has (well NZ's is more forced than guided but nvm). That's what fascism is, the combination of State, Corporate &amp; religion.

Much like here.",0,6.0,0,0
2023-03-14T07:04:28.000Z,"@ClownWorld_ Even before all this woke nonsense, band aid companies made clear, multicolored, and black and brown skin tone band aids. That‚Äôs the beauty of capitalism. Your special ordering them proves how great capitalism is.",0,2.0,0,0
2023-03-14T07:04:16.000Z,@Iamsock Yup. Pretty much. Go capitalism.,1,8.0,0,0
2023-03-14T07:03:54.000Z,@dbmaroon @caitoz It's ur country who spreads hyper capitalism,0,2.0,0,0
2023-03-14T07:03:51.000Z,"""‚ÄúInvestors in the banks will not be protected,‚Äù Biden said in a White House speech. ‚ÄúThey knowingly took a risk and when the risk didn‚Äôt pay off, the investors lose their money. That‚Äôs how capitalism works.‚Äù"" #silliconvalleybank #deposits #biden 
https://t.co/ysb2Idw75O",1,29.0,1,0
2023-03-14T07:03:50.000Z,@MalevolentAstra I have a few beefs with this that are actually just beefs with capitalism making power farming as up front cheap as possible rather than as sustainable as possible.,0,4.0,1,0
2023-03-14T07:03:43.000Z,@RobertM91502870 @JoeleTax188567 @DougJudy__ @mikegoulden @Halcruttenden Socialist doctrine always good but they need to control too many counter revolutionaries. Socialists always kill to get power or hold power. Nobody has ever voted socialists out of power. It needs a gun to get rid of them. You mean welfare capitalism like Sweden not socialism,0,7.0,0,0
2023-03-14T07:03:36.000Z,"@aniobrien @DanielaNadj Yes I am saying that. Like capitalism communism can have those on the left &amp; those on the right. For Stalin think of Trotsky or Kirov or the sailors on the Kronstadt. They were the left, Stalin was the right.

And Hitler was no communist let alone a socialist. Think..",0,10.0,1,0
2023-03-14T07:03:35.000Z,@WoodenKnuckle @PalWuzHackedLOL @TheNewBolshevik @bambooney Idk man doesn‚Äôt it get kinda tiring blaming like absolutely everything on capitalism and the rich. Like at some point I feel like there would be some realization that you can‚Äôt blame a majority of the problems on one specific thing,0,6.0,0,0
2023-03-14T07:03:14.000Z,"@mixmaxthoco @JortsTheCat I think you could also say that capitalism creates the conditions to threaten itself, since left unchecked it will engage in regulatory capture, weaken social safety nets, create the conditions in which socialism flourishes, and promote robber barons to steer the ship of state.",0,12.0,1,0
2023-03-14T07:03:02.000Z,You aren't  allowed to love and grieve in capitalism. You just aren't allowed the full human experience while you're expected to give your entire life to produce waste at disgusting rates.,0,9.0,0,0
2023-03-14T07:02:56.000Z,@DeathCollector_ For victory,0,3.0,0,0
2023-03-14T07:02:55.000Z,@Ashish2020BJP @SupriyaShrinate @kharge There is huge difference between business and crony capitalism.. Bhakta never understand this.. Always in a whereabouts modeü§£ü§£üòÇ,0,1.0,0,0
2023-03-14T07:01:21.000Z,CAPITALISM!!!!!!!!!,0,32.0,0,0
2023-03-14T06:50:28.000Z,"Way to sellout our future and justify global destruction. Diversity doesn‚Äôt matter when the wealthy maintain control.

Classism is the true enemy.",2,143.0,1,0
2023-03-14T05:16:42.000Z,"""The normal worker, in our economic system, is a person whose ability to work is not impaired by grief‚Äînot someone who doesn‚Äôt experience loss, which would of course be impossible, but someone who simply doesn‚Äôt let it get to them.""

https://t.co/raTjYr1MLx",36,1784.0,1,11
2023-03-13T17:52:28.000Z,So ‚Äúconfidence in the banking system‚Äù really means ‚Äúrich people will never face consequences‚Äù,10,110.0,1,0
2023-02-17T20:07:38.000Z,We make handmade gourmet marshmallows in small batches.,57,50773.0,4,13
2023-03-14T07:24:41.000Z,Capitalism is once again on trial in America.,0,219.0,0,0
2023-03-14T07:02:54.000Z,"@eshaLegal They live in dictatorships mostly Communist ones that derived in warlords territories, Don't accuse capitalism when it's the contrary to capitalism what's causing this",0,1.0,0,0
2023-03-14T07:02:46.000Z,"@Isidro_Alamat may nabasa din ako dati where sinabi na sa late-stage capitalism, nagiging profitable na rin yung criticisms sa kaniya/even movements na radical and wld be considered antithetical to capitalism like Black + queer movements (pink money etc) :(((( nakakafrustrate super",1,33.0,1,0
